[
	{
		"link": "https://www.nytimes.com/2018/04/01/sports/ncaa-tournament-villanova-michigan.html",
		"headline": "What Happened to College Hoops? Don’t Worry, the Kids Are All Right",
		"date": "April 3, 2018",
		"blurb": "Basketball and college hoops have a story here. This is the summary."
	},
	{
		"link": "https://www.nytimes.com/2018/04/01/world/asia/kim-jong-un-north-korea-k-pop-concert.html",
		"headline": "Onstage, South Korean K-Pop Stars. In the Balcony, Kim Jong-un, Clapping.",
		"date": "April 2, 2018",
		"blurb": "He clapped and he smiled, even posing for a group photo with a K-pop band."
	},
	{
		"link": "https://www.nytimes.com/2018/04/01/us/college-acceptance-micheal-brown.html",
		"headline": "20 Full Rides to Top Colleges: A Texas Student’s Perfect Sweep",
		"date": "April 1, 2018",
		"blurb": "Berthinia Rutledge-Brown remembers the first time she sat in a room full of parents whose children had gone to elite colleges."
	}
]