{
	"img": "https://scontent.fphx1-1.fna.fbcdn.net/v/t1.0-1/p160x160/15109539_10208191823019322_5142170058847947451_n.jpg?_nc_cat=0&oh=4fd7bf84e34d1d06534a72f9817ac4f4&oe=5B6D1A8E",
	"name": "Cesar Perez",
	"linkedin": "https://www.linkedin.com/in/cesar-perez-267207139/",
	"title": "Software Engineer",
	"company": "VisualVault",
	"description": "VisualVault is a private, Arizona-based, Business Process Automation (BPA)/Enterprise Content Management (ECM) company specializing in the automation of data and document intensive processes at an enterprise level. The VisualVault® platform is a cloud-based application that includes Intelligent Forms (i-Forms) which automate and validate both structured and unstructured data. These i-Forms streamline manual data entry and routing processes to boost overall productivity and accelerate business results."
}
