[
	{
		"text": "Learn more about trends in cloud usage and DLP violations across cloud service categories like cloud storage, collaboration, and webmail apps."
	},
	{
		"text": "An introduction to Reinforcement Learning"
	},
	{
		"text": "Highlighted Phoenix Events This Week (Apr. 2nd - Apr. 8th) { FULL LIST OF EVENTS ~> https://lnkd.in/g43Mhcn } { Subscribe here to receive by email ~> http://phoenixtechnews.com }"
	},
	{
		"text": "Thirty is not the new 20, so claim your adulthood, get some identity capital, use your weak ties, pick your family. Don't be defined by what you didn't know or didn't do. You're deciding your life right now."
	},
	{
		"text": "Would you like to begin a new career with a company that provides stability and opportunities for growth"
	}
]