[
	{
		"text": "This freaking awesome kid put tears in my eyes!!!  Nothing holding him back or getting in his way...LOVE THIS!"
	},
	{
		"text": "Chris has been living in the United States since he was 11 years old. He went to school here and got his first job here. America is where he grew up."
	},
	{
		"text": "How would you like a paper towel system that serves your guests faster than an air dryer? We have the solution."
	},
	{
		"text": "How I went from newbie to Software Engineer in 9 months while working full time."
	},
	{
		"text": "Aaaaaand we're live! Come check out our seniors' amazing final projects--and start brainstorming what YOU could do after 17 weeks with us!"
	}
]